{
  "version": "1.0",
  "source_file": "Kennion Actuarial Rater.xlsm",
  "source_sha256": "e5e07cfe6f9a5b4a",
  "synced_at": "2026-04-21T19:04:45.379266Z",
  "age_factors": {
    "0": 0.635,
    "1": 0.635,
    "2": 0.635,
    "3": 0.635,
    "4": 0.635,
    "5": 0.635,
    "6": 0.635,
    "7": 0.635,
    "8": 0.635,
    "9": 0.635,
    "10": 0.635,
    "11": 0.635,
    "12": 0.635,
    "13": 0.635,
    "14": 0.635,
    "15": 0.635,
    "16": 0.6849277641511211,
    "17": 0.738781168669376,
    "18": 0.7968688725254615,
    "19": 0.859523803433841,
    "20": 0.9271050660167062,
    "21": 1.0,
    "22": 1.0415623089763069,
    "23": 1.0848520434800557,
    "24": 1.1299409993047516,
    "25": 1.1769039562428525,
    "26": 1.225818802107656,
    "27": 1.2767666619098206,
    "28": 1.3298320324027644,
    "29": 1.3851029222200781,
    "30": 1.4426709978373746,
    "31": 1.5026317356006484,
    "32": 1.5650845800732869,
    "33": 1.6301331089643463,
    "34": 1.6978852049116302,
    "35": 1.7684532344044674,
    "36": 1.8419542341429351,
    "37": 1.9185101051426006,
    "38": 1.9982478149067042,
    "39": 2.081299608001087,
    "40": 2.1678032253810944,
    "41": 2.257902132834218,
    "42": 2.351745758917336,
    "43": 2.4494897427831774,
    "44": 2.551296192307026,
    "45": 2.657333952941766,
    "46": 2.7677788877471623,
    "47": 2.882814169057809,
    "48": 3.002630582273465,
    "49": 3.127426842275623,
    "50": 3.257409922995078,
    "51": 3.3927954006770875,
    "52": 3.5338078114134213,
    "53": 3.6806810235342726,
    "54": 3.8336586254776335,
    "55": 3.992994329779419,
    "56": 4.158952393854352,
    "57": 4.331808058265477,
    "58": 4.511848003209163,
    "59": 4.699370823972676,
    "60": 4.89468752615287,
    "61": 5.0981220414573105,
    "62": 5.31001176494328,
    "63": 5.530708114585677,
    "64": 5.760577114101854,
    "65": 6.0,
    "66": 6.0,
    "67": 6.0,
    "68": 6.0,
    "69": 6.0,
    "70": 6.0,
    "71": 6.0,
    "72": 6.0,
    "73": 6.0,
    "74": 6.0,
    "75": 6.0,
    "76": 6.0,
    "77": 6.0,
    "78": 6.0,
    "79": 6.0,
    "80": 6.0,
    "81": 6.0
  },
  "area_factors": {
    "Birmingham": 1.0029949386947075,
    "Huntsville": 0.992070406273028,
    "Montgomery": 0.9883582014871745,
    "Alabama Other Area": 1.01,
    "Out-of-State": 1.08
  },
  "tier_factors_default": {
    "EE": 1.0,
    "ECH": 1.85,
    "ESP": 2.0,
    "FAM": 2.85
  },
  "plan_base_pmpm_6to1": {
    "AL Healthy 500": {
      "total_margin": 223.84071656332304,
      "base_3to1": 276.6619098346253,
      "claims_unadjusted": 174.3307761396597,
      "agg_sl_adj": 37.30678609388717
    },
    "Basic Gold": {
      "total_margin": 183.6513366924283,
      "base_3to1": 224.3170929405912,
      "claims_unadjusted": 143.03063605329308,
      "agg_sl_adj": 30.60855611540471
    },
    "Choice Gold": {
      "total_margin": 195.96756911143194,
      "base_3to1": 240.39506531233022,
      "claims_unadjusted": 152.62271737650462,
      "agg_sl_adj": 32.66126151857198
    },
    "Classic Silver": {
      "total_margin": 151.90335178125397,
      "base_3to1": 189.30343549981075,
      "claims_unadjusted": 118.30479110689562,
      "agg_sl_adj": 25.31722529687566
    },
    "Core Health Plan": {
      "total_margin": 169.10852529526375,
      "base_3to1": 203.71024062356335,
      "claims_unadjusted": 131.70445895269762,
      "agg_sl_adj": 28.184754215877284
    },
    "Deluxe Platinum": {
      "total_margin": 221.7110952233224,
      "base_3to1": 267.07595301892036,
      "claims_unadjusted": 172.67219254152832,
      "agg_sl_adj": 36.95184920388706
    },
    "Elite Health Plan": {
      "total_margin": 218.89722405343548,
      "base_3to1": 263.68632868093664,
      "claims_unadjusted": 170.48070409146067,
      "agg_sl_adj": 36.48287067557257
    },
    "Enhanced Silver": {
      "total_margin": 177.95687032325085,
      "base_3to1": 217.3617058206971,
      "claims_unadjusted": 138.59569339817043,
      "agg_sl_adj": 29.65947838720847
    },
    "Freedom Bronze": {
      "total_margin": 112.31647498880977,
      "base_3to1": 169.892766695703,
      "claims_unadjusted": 87.47389017820076,
      "agg_sl_adj": 18.719412498134957
    },
    "Freedom Gold": {
      "total_margin": 187.98282264468568,
      "base_3to1": 230.60010966186545,
      "claims_unadjusted": 146.4040674802848,
      "agg_sl_adj": 31.330470440780942
    },
    "Freedom Platinum": {
      "total_margin": 209.0978723927465,
      "base_3to1": 251.88190734103992,
      "claims_unadjusted": 162.84881027472468,
      "agg_sl_adj": 34.849645398791075
    },
    "Freedom Silver": {
      "total_margin": 174.6937478433981,
      "base_3to1": 213.3760329594342,
      "claims_unadjusted": 136.05432075031004,
      "agg_sl_adj": 29.115624640566345
    },
    "Platinum": {
      "total_margin": 223.84071656332304,
      "base_3to1": 276.6619098346253,
      "claims_unadjusted": 174.3307761396597,
      "agg_sl_adj": 37.30678609388717
    },
    "Preferred Gold": {
      "total_margin": 201.4806376637267,
      "base_3to1": 249.0253733394198,
      "claims_unadjusted": 156.9163844733074,
      "agg_sl_adj": 33.580106277287776
    },
    "Preferred Silver": {
      "total_margin": 181.75033099769556,
      "base_3to1": 221.99514920314851,
      "claims_unadjusted": 141.55010202312738,
      "agg_sl_adj": 30.291721832949253
    },
    "Premier Health Plan": {
      "total_margin": 196.30400075755102,
      "base_3to1": 236.47024985799973,
      "claims_unadjusted": 152.88473579248523,
      "agg_sl_adj": 32.717333459591835
    },
    "Saver HSA": {
      "total_margin": 142.79122900601413,
      "base_3to1": 174.4093670370976,
      "claims_unadjusted": 111.20812227882722,
      "agg_sl_adj": 23.79853816766902
    },
    "Select Health Plan": {
      "total_margin": 185.6333722444457,
      "base_3to1": 223.6162775451667,
      "claims_unadjusted": 144.57427744894525,
      "agg_sl_adj": 30.938895374074278
    },
    "Value Essential MEC": {
      "total_margin": 46.738719185166374,
      "base_3to1": 57.08803324934043,
      "claims_unadjusted": 36.40087163953768,
      "agg_sl_adj": 7.789786530861061
    },
    "Virtual 1,000": {
      "total_margin": 105.09345869946102,
      "base_3to1": 126.59689227524306,
      "claims_unadjusted": 81.84848808369239,
      "agg_sl_adj": 17.515576449910167
    },
    "Virtual 10,000": {
      "total_margin": 74.62089852214187,
      "base_3to1": 89.8892658838517,
      "claims_unadjusted": 58.11596458110738,
      "agg_sl_adj": 12.436816420356976
    },
    "Virtual 2,500": {
      "total_margin": 96.91509064095501,
      "base_3to1": 116.74512801795649,
      "claims_unadjusted": 75.47904255526092,
      "agg_sl_adj": 16.152515106825835
    },
    "Virtual 5,000": {
      "total_margin": 87.49500647171037,
      "base_3to1": 105.39757703280937,
      "claims_unadjusted": 68.14252840475885,
      "agg_sl_adj": 14.582501078618392
    }
  },
  "trend_rate": 0.07,
  "phic_stoploss": 1.2,
  "fixed_expense_pct": 0.2905,
  "expense_pepm": {
    "EBPA": 261.52719570928446,
    "HEALTHEZ": 265.8427797092844,
    "Virtual_RBP": 219.963395115749,
    "Virtual_RBP_HEALTHEZ": 224.278979115749
  }
}