{
  "version": "1.0",
  "source_file": "Kennion Actuarial Rater.xlsm",
  "source_sha256": "c723b73e9aafceb6",
  "synced_at": "2026-04-21T22:57:40.072018Z",
  "age_factors": {
    "0": 0.635,
    "1": 0.635,
    "2": 0.635,
    "3": 0.635,
    "4": 0.635,
    "5": 0.635,
    "6": 0.635,
    "7": 0.635,
    "8": 0.635,
    "9": 0.635,
    "10": 0.635,
    "11": 0.635,
    "12": 0.635,
    "13": 0.635,
    "14": 0.635,
    "15": 0.635,
    "16": 0.6849277641511211,
    "17": 0.738781168669376,
    "18": 0.7968688725254615,
    "19": 0.859523803433841,
    "20": 0.9271050660167062,
    "21": 1.0,
    "22": 1.0415623089763069,
    "23": 1.0848520434800557,
    "24": 1.1299409993047516,
    "25": 1.1769039562428525,
    "26": 1.225818802107656,
    "27": 1.2767666619098206,
    "28": 1.3298320324027644,
    "29": 1.3851029222200781,
    "30": 1.4426709978373746,
    "31": 1.5026317356006484,
    "32": 1.5650845800732869,
    "33": 1.6301331089643463,
    "34": 1.6978852049116302,
    "35": 1.7684532344044674,
    "36": 1.8419542341429351,
    "37": 1.9185101051426006,
    "38": 1.9982478149067042,
    "39": 2.081299608001087,
    "40": 2.1678032253810944,
    "41": 2.257902132834218,
    "42": 2.351745758917336,
    "43": 2.4494897427831774,
    "44": 2.551296192307026,
    "45": 2.657333952941766,
    "46": 2.7677788877471623,
    "47": 2.882814169057809,
    "48": 3.002630582273465,
    "49": 3.127426842275623,
    "50": 3.257409922995078,
    "51": 3.3927954006770875,
    "52": 3.5338078114134213,
    "53": 3.6806810235342726,
    "54": 3.8336586254776335,
    "55": 3.992994329779419,
    "56": 4.158952393854352,
    "57": 4.331808058265477,
    "58": 4.511848003209163,
    "59": 4.699370823972676,
    "60": 4.89468752615287,
    "61": 5.0981220414573105,
    "62": 5.31001176494328,
    "63": 5.530708114585677,
    "64": 5.760577114101854,
    "65": 6.0,
    "66": 6.0,
    "67": 6.0,
    "68": 6.0,
    "69": 6.0,
    "70": 6.0,
    "71": 6.0,
    "72": 6.0,
    "73": 6.0,
    "74": 6.0,
    "75": 6.0,
    "76": 6.0,
    "77": 6.0,
    "78": 6.0,
    "79": 6.0,
    "80": 6.0,
    "81": 6.0
  },
  "area_factors": {
    "Birmingham": 1.0029949386947075,
    "Huntsville": 0.992070406273028,
    "Montgomery": 0.9883582014871745,
    "Alabama Other Area": 1.01,
    "Out-of-State": 1.08
  },
  "tier_factors_default": {
    "EE": 1.0,
    "ECH": 1.85,
    "ESP": 2.0,
    "FAM": 2.85
  },
  "plan_base_pmpm_6to1": {
    "AL Healthy 500": {
      "total_margin": 209.19693136759162,
      "base_3to1": 276.6619098346253,
      "claims_unadjusted": 174.3307761396597,
      "agg_sl_adj": 34.866155227931934
    },
    "Basic Gold": {
      "total_margin": 171.63676326395168,
      "base_3to1": 224.3170929405912,
      "claims_unadjusted": 143.03063605329308,
      "agg_sl_adj": 28.60612721065861
    },
    "Choice Gold": {
      "total_margin": 183.14726085180553,
      "base_3to1": 240.39506531233022,
      "claims_unadjusted": 152.62271737650462,
      "agg_sl_adj": 30.524543475300916
    },
    "Classic Silver": {
      "total_margin": 141.96574932827474,
      "base_3to1": 189.30343549981075,
      "claims_unadjusted": 118.30479110689562,
      "agg_sl_adj": 23.66095822137912
    },
    "Core Health Plan": {
      "total_margin": 158.04535074323715,
      "base_3to1": 203.71024062356335,
      "claims_unadjusted": 131.70445895269762,
      "agg_sl_adj": 26.34089179053952
    },
    "Deluxe Platinum": {
      "total_margin": 207.20663104983396,
      "base_3to1": 267.07595301892036,
      "claims_unadjusted": 172.67219254152832,
      "agg_sl_adj": 34.534438508305655
    },
    "Elite Health Plan": {
      "total_margin": 204.5768449097528,
      "base_3to1": 263.68632868093664,
      "claims_unadjusted": 170.48070409146067,
      "agg_sl_adj": 34.09614081829213
    },
    "Enhanced Silver": {
      "total_margin": 166.3148320778045,
      "base_3to1": 217.3617058206971,
      "claims_unadjusted": 138.59569339817043,
      "agg_sl_adj": 27.719138679634078
    },
    "Freedom Bronze": {
      "total_margin": 104.96866821384091,
      "base_3to1": 169.892766695703,
      "claims_unadjusted": 87.47389017820076,
      "agg_sl_adj": 17.49477803564015
    },
    "Freedom Gold": {
      "total_margin": 175.68488097634176,
      "base_3to1": 230.60010966186545,
      "claims_unadjusted": 146.4040674802848,
      "agg_sl_adj": 29.280813496056954
    },
    "Freedom Platinum": {
      "total_margin": 195.41857232966962,
      "base_3to1": 251.88190734103992,
      "claims_unadjusted": 162.84881027472468,
      "agg_sl_adj": 32.56976205494493
    },
    "Freedom Silver": {
      "total_margin": 163.26518490037205,
      "base_3to1": 213.3760329594342,
      "claims_unadjusted": 136.05432075031004,
      "agg_sl_adj": 27.210864150062
    },
    "Platinum": {
      "total_margin": 209.19693136759162,
      "base_3to1": 276.6619098346253,
      "claims_unadjusted": 174.3307761396597,
      "agg_sl_adj": 34.866155227931934
    },
    "Preferred Gold": {
      "total_margin": 188.29966136796887,
      "base_3to1": 249.0253733394198,
      "claims_unadjusted": 156.9163844733074,
      "agg_sl_adj": 31.383276894661474
    },
    "Preferred Silver": {
      "total_margin": 169.86012242775286,
      "base_3to1": 221.99514920314851,
      "claims_unadjusted": 141.55010202312738,
      "agg_sl_adj": 28.31002040462547
    },
    "Premier Health Plan": {
      "total_margin": 183.46168295098227,
      "base_3to1": 236.47024985799973,
      "claims_unadjusted": 152.88473579248523,
      "agg_sl_adj": 30.57694715849704
    },
    "Saver HSA": {
      "total_margin": 133.44974673459265,
      "base_3to1": 174.4093670370976,
      "claims_unadjusted": 111.20812227882722,
      "agg_sl_adj": 22.24162445576544
    },
    "Select Health Plan": {
      "total_margin": 173.4891329387343,
      "base_3to1": 223.6162775451667,
      "claims_unadjusted": 144.57427744894525,
      "agg_sl_adj": 28.914855489789044
    },
    "Value Essential MEC": {
      "total_margin": 43.68104596744521,
      "base_3to1": 57.08803324934043,
      "claims_unadjusted": 36.40087163953768,
      "agg_sl_adj": 7.280174327907534
    },
    "Virtual 1,000": {
      "total_margin": 98.21818570043087,
      "base_3to1": 126.59689227524306,
      "claims_unadjusted": 81.84848808369239,
      "agg_sl_adj": 16.369697616738474
    },
    "Virtual 10,000": {
      "total_margin": 69.73915749732885,
      "base_3to1": 89.8892658838517,
      "claims_unadjusted": 58.11596458110738,
      "agg_sl_adj": 11.623192916221473
    },
    "Virtual 2,500": {
      "total_margin": 90.5748510663131,
      "base_3to1": 116.74512801795649,
      "claims_unadjusted": 75.47904255526092,
      "agg_sl_adj": 15.09580851105218
    },
    "Virtual 5,000": {
      "total_margin": 81.77103408571061,
      "base_3to1": 105.39757703280937,
      "claims_unadjusted": 68.14252840475885,
      "agg_sl_adj": 13.628505680951767
    }
  },
  "trend_rate": 0.07,
  "phic_stoploss": 1.2,
  "fixed_expense_pct": 0.2905,
  "expense_pepm": {
    "EBPA": 261.52719570928446,
    "HEALTHEZ": 265.8427797092844,
    "Virtual_RBP": 219.963395115749,
    "Virtual_RBP_HEALTHEZ": 224.278979115749
  }
}